one,two,three,four,key
0.97798638208,0.0386404959916,0.959816657659,-0.656894566923,C
-0.893306615199,-0.0331330483531,0.243660324601,-0.755031270709,Q
-0.00406053665163,0.835205817778,-0.462746682876,-0.843839952543,I
2.5520049494,1.96867691602,-0.835453057614,-0.863846028374,R
0.227782070412,-0.274164656598,-0.216100290205,-0.295930119261,V
-0.996287297931,0.633826472081,-0.401498003519,-1.57844275778,X
0.853284467579,-1.17718515351,0.340374676482,0.269678033552,M
-1.1137750153,-0.266491701734,-1.12554803453,-0.342883193638,Y
-0.437794330048,1.16702114605,0.123374097435,0.39531525922,M
-1.62803625189,0.151884309571,0.891530502531,0.235666230767,Y
0.315838899948,-0.721558759854,1.45359418697,0.0972034813677,M
-1.26948022162,0.812940018148,0.114162951988,-1.30172067891,Z
-0.584131008523,-0.184364091072,-1.11364884577,-1.98884103381,Q
0.347221070088,-1.62917830262,0.51483166697,1.28960276549,R
-0.0548765267436,-0.350790511377,-0.941528462362,0.950737231749,W
0.5889976913,0.156930096775,0.182163544666,0.641716073735,Q
-1.32235950165,1.2979183348,-0.873652909229,-0.360692099846,F
-0.127530491248,-1.02123691158,1.20233436147,-1.31693864035,Z
0.0250322399189,0.82157789194,-2.21055468914,-0.194959779784,A
1.3274100017,0.458606161094,-1.38811699943,-0.401023892696,I
0.154827034674,-0.223745568175,0.078202122408,0.192250619599,B
0.879608037127,-0.791921105185,0.647062587048,0.582679945454,K
1.22965670373,-1.10785871751,-0.915340798831,0.380901645994,S
0.134337230109,-1.90626905697,-1.98005313963,-1.6142784961,C
0.583351261213,-0.605055968063,-2.10775300187,0.181342404816,T
0.988429100306,-1.64325654542,-2.06483154095,-0.487809294563,Y
1.4256131455,0.499278608998,0.288376601089,-0.941349544425,N
-0.405494787845,1.83036804381,-0.188723754617,0.248569552208,X
-0.325388537437,-0.852302303086,0.335864492032,0.432749167332,Z
-1.15398265617,-1.34109345483,0.693648099186,-1.00358315169,F
-1.09020828057,-0.12746232699,1.68811032588,-0.662827590737,Q
-1.62604934071,1.14274322376,0.259448892927,-0.110747421156,C
-0.210940750177,-0.272034181984,0.402681531884,-1.67022606559,I
0.681478356804,0.441549880884,-0.332764704832,-1.01586309751,U
-1.99052164398,1.15551258213,-1.38135002271,-0.122344780883,W
-1.58800384886,0.869397183895,-0.0529892445169,-0.139056435938,K
0.975407868145,0.549920445094,1.17269203495,0.850750703767,P
-1.03403994367,-0.291484276714,0.402805538453,0.286171605538,V
-0.441083827898,-0.68161682956,0.112820002628,-0.603152061511,M
2.75557929078,-0.39656639738,1.51216337092,1.41960081151,C
-1.11527656188,0.674879563533,-1.22569575234,0.266371225033,U
0.720849955394,0.203060061817,0.0340195872398,-0.102121229158,A
-0.143844340032,-0.220042994934,-0.122526039079,-0.225837692374,U
-1.16903587882,0.377984308462,1.35332021133,-1.20736614523,I
1.9847442859,0.844520533694,0.349009885492,0.564392878584,Y
0.14032739846,0.258105269897,0.178775596049,0.587255687377,K
-0.171006157772,-1.44735998869,0.13499028519,0.0319307230679,P
1.23559825401,-0.634308850642,-2.87225707239,-0.139679894843,P
-0.925623973558,1.74712144285,-0.0764246506845,-0.953873576691,D
-0.690085239173,1.08409678456,-2.87752939533,0.308599091357,J
-0.0864463649711,-1.03192115567,-0.324032342903,-0.460882224065,V
0.25112565915,2.00131070031,-0.336306767799,1.41004957016,O
-1.62976796194,-0.310782552522,1.1193890295,0.529353479442,F
-1.24493000313,0.560002982824,0.00313227897009,0.040636879056,O
-0.127900679714,-0.295473695564,0.578412839721,0.939652424686,K
0.0771606062627,1.69291642018,1.77844818369,1.25690782541,A
-0.408203553571,-0.229071943514,0.0716496957134,-1.99485120688,K
0.268665501524,0.937154405546,0.040681890298,2.1509824675,S
-0.593338417976,0.599629472937,1.19362886792,0.963700025486,C
0.438207481411,-0.349724003956,-1.16799865535,-0.943789333221,X
1.43073598293,0.668690654236,1.43336627468,-0.468377435133,F
-1.01024097781,-0.228664977054,-3.06265272962,-0.610532679755,O
-0.545905516506,-1.2513224822,-0.568739326461,-0.0155014450025,O
-1.2006807061,1.1376509671,-0.25735401697,-0.111635847879,W
-1.56118421577,0.551667363429,1.0323329109,-1.09735408662,S
0.347447786795,-1.21492069646,-1.19160784937,-0.631080082284,T
1.39956378899,-0.144607863968,-1.61802951167,1.49239651446,M
-0.326968776111,0.325900025642,1.74681570656,-2.09852912882,T
-1.40934987868,-1.16506280472,-0.672631101881,1.09476524196,M
-0.918977194554,0.740123266763,-0.33474443371,-1.92108953317,Y
0.342134744363,0.841985414429,1.10520237609,-0.702742141215,J
1.90017845722,1.56946731204,0.452308873714,-2.00118626659,P
-0.722151508873,1.17020309354,2.61481174785,-0.203977704758,C
-0.508329556145,-0.199729187268,0.0731433233881,0.968444570042,I
-0.499289049041,1.37699230907,-0.113225561542,0.277916598287,C
0.815967580276,0.0297682226263,1.3913002293,-1.47951500654,Z
-0.5743672698,-1.07860782891,-0.652997591412,-0.942097431704,V
0.518834895503,-0.185647379177,1.1708976071,1.51132724214,Q
0.732447209116,0.446029040042,0.749551902945,0.717314434092,Z
-0.563678790581,-0.853795909772,-1.32482418904,-0.461886271705,I
0.133291714056,1.5076984527,0.78795669065,1.3316574508,I
-0.856244352425,0.703216061883,0.48849252037,-0.985058155786,L
-1.55761458667,0.284132041301,0.512044992433,0.351228332262,Z
-0.69909666989,-0.0736426058834,-1.54998749545,1.82471470195,O
-0.0514549739835,-1.374653418,-1.56296488101,-0.219587841516,H
-1.07751771307,1.33004543939,-0.0168314252778,0.908528687665,A
-0.960497329175,-0.575386596744,-1.14432097872,-0.552058863191,O
-0.757857641622,-1.25543546621,-0.458649724968,0.0716217556182,V
-0.964318546162,-1.35371677325,-0.45653793948,0.85769153086,Y
-1.19429592474,1.07268870193,1.13136404868,-0.0933500773041,P
-2.85583395824,-0.281814410212,-0.108904167563,0.6286407408,I
-0.936182612304,0.957124679316,-0.886193810588,0.598645295973,D
-0.535068906203,-0.306581131989,-0.83538187956,-1.237531401,B
-0.396803952186,-0.15737248553,-0.343104337169,-0.746360220606,A
1.36276463786,-0.392060324358,0.664468853479,0.676157694083,O
-0.139914222835,0.886689820341,0.00439144453291,-0.600957011517,E
0.566790663283,0.543474276951,1.27579167447,0.102333817184,I
-0.844389031042,-0.00249805648909,-0.889988132108,0.150560978328,Y
-0.692039635544,2.07553919889,-1.90673080539,-0.166494962217,A
-1.18193170748,-0.082215165391,-0.00373405293331,-1.00490651937,X
0.609608663163,1.8995722164,0.00150928259929,1.24147438074,V
-3.55993938511,0.202640650396,-0.424385301038,2.39238397325,W
-2.16230802123,0.109194152037,1.75120472557,0.319850640132,F
0.0989904007092,0.8402683746,-0.862297487738,1.20483690784,J
-0.290638774202,-0.416876972198,-0.715341585693,-0.818040177103,K
-0.781135709376,-0.320920668042,0.176553699793,-2.08366296435,N
-1.39498301266,1.77970732426,-0.247907167698,-1.11204301033,E
0.860103707856,0.266528348954,-1.36485292614,-1.26349985065,J
-0.920638281218,-1.02152234736,-1.29211578863,0.760891625536,N
-0.489698871831,1.43400958964,0.46901942616,0.501643307008,E
-1.31579977099,-0.607285727335,0.331548147013,-0.250044978888,G
-1.42694898328,-0.103775542153,-0.82862655441,0.985357190477,R
-0.195660542055,-0.49254543379,-1.24700999969,-0.651255974213,Y
0.973125260618,-1.49553648373,-0.461517464861,0.384447353137,O
-0.536597826062,-0.96058438095,-1.51095812261,0.961486871162,K
-0.832749311985,-0.529935712958,-0.177645842625,-0.266166388746,Y
0.0237155523927,-0.198408961641,-0.350308682303,0.70311226015,G
-1.26578180623,-2.36758475553,0.439128137182,-1.81974080398,G
-0.718440629437,-1.29394118315,-0.928134904198,0.394902623713,F
-0.0758507179605,0.657399691659,0.204107120511,0.292195204199,Q
1.3969692975,0.869088431575,-0.276784134004,0.842032750778,M
0.55718415816,-0.596730496865,0.226937756464,0.284224764869,V
0.213003469747,1.63492445514,0.499666957089,1.22103585089,Z
-0.52758304661,-1.1453285596,0.828767352395,-0.322739198292,F
-0.778826920025,-1.54748243692,0.21409402986,-0.486935576026,F
0.61933349735,0.785491455143,1.00907778582,-0.0156754171304,K
0.287055477733,0.997276379378,-0.141843935889,0.49296202092,L
-0.17640213113,0.682187758734,0.978238973969,-0.0721971708885,M
0.413296742123,0.193069224057,-0.272699490488,-0.0633350629725,E
-0.152732391796,1.42062066329,0.236026233791,0.405432195316,H
0.849658310781,-0.340958997664,-0.423311915468,-1.35204901799,Z
-2.22257821737,1.22004903382,-1.33680443441,1.00774637905,C
1.54207742176,-0.557914354453,-0.539034516357,1.37878552484,R
-1.41108849539,-1.47803717246,0.61681528744,1.17940456296,R
-0.646348464804,-0.547639179657,-0.0684552469037,1.11678369058,M
0.741129589552,-0.296627588729,2.06781565126,0.540241470128,R
-0.391782529041,-2.34202426661,-0.215429097243,1.42357466414,H
-0.0723693381056,0.127157661184,-0.363733043384,-0.506881670682,D
0.0643254612615,-0.323628473864,-0.572909419825,-1.3684663169,I
-0.0834099824671,-1.89222293982,-0.709195267674,-0.898931557049,H
-1.01049948108,-1.42104972218,0.397069055549,0.677505468129,P
0.0368769942501,-0.193020912983,-1.32854143823,0.157051831365,B
-3.33953233688,-0.00763222385891,-0.516643785791,0.3073455913,Q
-0.763000452934,0.140985074159,1.14384803147,-0.41329830709,N
-0.458008718973,-1.47279378135,-1.32378128967,0.527791166493,M
0.679691200122,-0.718349865054,1.03459359601,0.845534401031,F
0.0721348197054,-1.11165614117,0.151205396313,-2.43160319289,X
1.31990592754,-1.70994258635,-0.117968076286,-1.06933169805,V
0.0146917286538,-1.53904297432,-1.31265482356,-0.419899483668,O
-0.683093706352,0.0080844859344,0.00479287226396,0.707873247524,O
-0.440909442756,-1.14079898428,-1.33494520519,0.566146655097,C
-0.0519345589289,-2.24908524288,0.65974240193,-0.959547078821,U
-1.77707858741,-0.938213059882,1.24946332178,-0.0791551993898,R
0.97216276281,0.617285045546,0.144519913579,0.778572401415,M
0.965114853552,0.4163319537,1.12120475986,0.414727081372,S
-0.257651886158,-1.30743028605,-2.92777610836,-1.49407151376,K
-0.888080801203,-0.341942809227,-0.27886940719,-0.414995050956,L
-0.409110997449,1.56734099222,1.02248357168,-0.247819874572,V
0.73371677179,-0.793549569395,0.396993831503,0.354533446673,F
0.347243033346,0.242260038545,0.549684241397,0.547220450533,G
-0.158204054413,-0.173306576753,0.0649227421045,0.632136797462,R
2.23530272286,-1.61604349831,1.4468554969,-0.706962312646,V
-0.699214581153,-0.917149628591,0.23608206767,1.32881588777,P
1.26579203596,0.460958486794,-1.16585027027,-0.18824152485,S
-0.385060399184,-0.895750809603,-1.88615756686,-0.35589101225,K
0.115409481,0.113095517606,-0.486162462769,-1.91828347659,I
0.263275741291,-0.833222635053,0.104270752531,0.816606059406,Q
0.858422307152,-0.235772591583,0.378602536975,-1.18425898717,S
-0.173682199862,1.38269849344,0.504103803804,0.332166891413,O
-0.434804665052,0.0204429657275,0.613290110036,0.604332643803,M
0.418598036753,2.05918875881,0.660963384004,-1.1475451005,V
-0.764600502337,-0.760097986327,-0.0809661375409,-0.512149972567,T
-0.140697175863,0.140045440441,0.256464215737,-0.234703158252,K
-0.485885541348,-1.40609349916,-0.674885883828,-0.263690622868,N
1.0743717413,-0.536231227443,-0.378547991744,1.3391939274,P
0.848622976482,-1.13013938908,0.0168958976294,-0.799664777931,U
0.281125273728,0.861187626408,0.829142790177,1.06219116268,R
0.489027564912,-0.700782143477,-1.39455509664,0.156658673892,P
-0.116850036833,0.335679589171,-0.311288216419,0.734495415275,H
-0.81552555791,0.0764455031987,1.42067177155,-1.28283254479,B
-0.628748109659,-0.198534056243,-1.42642709976,0.998757325841,M
0.005584581723,-0.358805249629,-1.06418753946,-0.931222835546,V
0.444562096317,-0.682432742767,-1.06622931592,0.242618781069,B
-0.255159764289,-0.615869454185,-1.04849558736,1.19269037922,S
-0.26165470329,-0.159241215098,-0.496022263265,0.740588288096,M
-0.422850089133,0.140675821783,2.30520184988,0.397235693709,E
-0.163989767524,-0.442980482613,-0.42068684611,0.474726519224,K
-0.0092716800054,-3.12963280733,1.45085838918,0.968891036372,C
2.30012116687,-0.558462295823,-0.755084274516,-0.389280034147,K
1.01595281895,0.0643958975627,1.31748953679,0.894386906704,P
-2.12498659076,0.723572586787,-0.663803771165,0.825267978778,O
1.41890473839,0.531856292852,-0.638156286738,-1.19510704382,B
0.604482752874,-1.12757506821,0.695621690999,-0.292148402942,Z
-0.19202668626,0.264813279499,-0.276698223497,1.78153581639,W
0.781252336378,-0.406078245006,-0.750720497077,-0.80065791646,R
-0.529191750618,-0.0529003153386,-0.775651854474,-0.905883310852,A
-1.43385975299,0.63299694438,0.446242882551,0.330694518516,R
0.992869171336,-0.854140588319,2.01518440095,-0.882752099997,V
-1.1037350476,-0.850567839176,-2.5088688318,1.96626776981,N
-0.151173373566,1.10894913148,0.418114804168,-0.749017566622,B
0.860098762036,-0.543298687573,-0.542105321052,-0.31116525243,W
1.26385738012,0.591080425596,-2.37202318749,0.915056685183,Z
-0.753656622287,1.10124791774,0.967418194376,-1.49311161384,V
1.43835941571,-0.523985131573,0.793990348194,0.274547795249,Z
0.937125970089,-0.751302623527,-1.28115282257,-1.6561118697,J
-0.0963482823185,0.99083179772,1.49965265499,1.46800115372,P
0.564270414003,0.649294301136,-0.0224457429472,-2.0847360468,J
0.478052393999,0.307266142187,0.150751015974,1.23346889697,Q
0.397737639954,1.38826094514,1.57239743124,1.93657288025,Z
1.04397667555,-0.8612018594,2.09368253433,-1.20410867345,F
-0.10362897606,-1.98133203031,-0.677462773729,0.104569316789,C
0.367176755259,0.472765632159,0.431389834911,0.0119540119851,H
0.96408202225,-0.917165136745,-0.629723231996,1.69376448131,J
1.02691190865,-1.3553528305,0.0709539359252,0.0216306666533,V
2.72341846197,-0.426043825196,0.272121513039,0.87014278653,X
0.432015312114,0.368804973554,-0.759819538686,-0.440685114172,P
1.49988269906,1.2867750335,1.8946630386,-0.254537025906,F
-0.201022561071,-2.44935406545,0.258603950795,-0.407255513581,K
-1.99277565595,-0.389423657621,-0.194835821514,1.00866714174,N
0.129312074605,-1.55069314446,0.578501231146,-0.405932143128,V
0.369946350237,1.28495944452,0.559728832497,0.236555305419,P
-0.786900467332,-0.775207657361,0.127517885229,-0.19336095942,G
0.11649852885,0.706428223365,-2.50957626418,0.880242814593,A
-0.195980097624,-0.748075331224,-0.888593102576,0.138770135374,F
-0.760744233771,-0.99069390782,-0.85547109814,1.04067929565,D
-0.165293187771,1.71782763535,0.408319346865,1.0442169616,I
0.0694341535697,-0.335466339431,1.50060166632,-0.537124915829,L
2.88016631931,0.825301830889,1.5115410391,0.463796458886,B
0.436495682468,0.798719496922,0.0965553783803,-0.23509270935,A
-0.704843160007,-0.815674639455,1.65511345581,1.49109525527,W
2.16677514773,-1.25949474726,0.185584095579,-1.26170273562,V
-0.0894441746447,0.238323556941,0.687413112728,1.65523896569,D
1.81716219443,0.0199715697216,-0.692388203771,0.853339413361,C
2.72163255982,0.155201056489,0.73421222176,-0.383527003125,C
-1.35561898547,-0.0614084312113,1.24445363658,-1.89276054447,Q
-0.598174633436,-0.698557905898,0.872930895516,2.16840397433,B
0.487846345042,0.716206435827,-0.214842332071,0.36100055136,T
0.214212497004,1.57784724813,0.956620532726,-0.466709872141,C
-0.0806348608269,1.39969717003,0.839756013582,0.236889979388,P
1.44397279626,-0.0561139529661,-0.879491798606,-1.06040171454,I
-0.540676934274,1.05421277197,1.41682605206,0.476480989437,B
-0.446089440942,0.30253793118,-0.0719430313979,-1.40634076095,J
-0.67172402911,-1.211409748,-1.06978790869,1.50792625612,X
-0.17472141193,-1.1402937711,-0.12571799905,-0.750876642299,G
-0.846099253148,-1.81458084934,-0.255487817173,-1.25218569178,C
0.572820036132,2.46015243244,-0.608878323252,0.335660364221,W
-1.15696507719,-0.440381885887,-0.366612518084,-0.378755932422,U
1.24731736038,-1.38317742423,0.377246705508,-0.7540694917,G
0.227522502367,-1.41578775803,-0.848741580233,-0.251277110927,N
-0.695256596738,-0.346314844449,0.641109290773,-0.815504519408,R
-2.00201395881,1.24500807016,0.336887714425,-0.400697804345,V
1.23172128986,-1.05158130053,0.037466673516,-0.152621700155,L
0.0861045417136,2.12906579498,0.487422794773,2.40275923585,F
1.39985343261,-1.2949187285,0.506425122301,0.745805033343,F
0.929617606811,-0.246291296044,0.180556366384,-2.35362664483,F
-0.916125301511,0.0687874435747,0.414901321927,0.512702854746,T
-0.113822165009,-0.00801716758036,-1.58900174701,1.10113659971,B
0.756163168794,0.306194433184,-0.198687883518,-0.130948770924,Q
0.424469015497,0.693394907251,-0.932203089012,0.214046053008,E
1.73491448232,0.726752951758,0.673978026531,1.98529265978,T
2.07936747708,-0.153942989949,1.40436182285,0.299621332418,R
2.99822317595,0.234058238717,-0.883753155275,-0.966704070931,P
-2.92987720714,1.31709363015,1.24721937214,-0.508350270381,Z
-0.1469770215,1.01130511752,-1.06236207357,-0.947758232006,Q
-0.0157238478151,-1.30517382658,-1.67462569102,0.172312376002,Y
0.736539675796,0.412426206528,-0.344773966351,0.262979198366,L
-0.748910960938,-1.00818741303,0.484926075574,0.898526990898,Z
0.837029260981,-1.58238418059,1.92050480581,-1.36999723482,Q
-1.48073417911,-0.245283725983,0.434415799257,0.974504426545,A
0.252748540415,1.16250373073,0.177878836083,-0.11886952794,Z
0.108778956268,-1.44779903293,1.45035957491,-0.137386053546,C
0.536133598832,0.733801658993,0.808933552057,0.360097661913,D
-1.32361959173,-0.0173731594857,2.64314465001,-1.64766652301,Z
-0.423565368794,-0.48451027469,-0.658901735131,-2.03177603252,Y
0.330167779509,-1.29735021501,-0.628834860072,0.54643696531,Z
-2.00146033049,-0.0664128488729,-0.219946146919,2.1697728318,H
0.986626864351,0.600583668108,-0.386246280579,-1.41164888946,A
-1.45094927489,0.166595544401,-1.12947819817,-0.266417691032,F
-0.983165743087,0.298419945982,0.962554431981,1.08436456548,Z
0.278936767721,-0.193614942778,0.00350326485112,1.42684264105,I
-0.908757822743,-0.315356840498,0.345343578923,0.953674083167,O
-0.0287513705083,-0.53280254117,-0.487273788761,0.22254126799,Y
0.859318951267,-0.782317434202,0.10905165759,-1.15057868701,D
-0.847195538195,1.13933795139,-0.191267677593,2.2461806907,S
0.508561114689,-2.98036989826,-0.109584225698,-0.987834114219,N
-0.935994503568,-0.426408288288,2.57051474396,0.611170291676,U
0.116360738472,1.85779896451,0.474410938013,-0.735573754288,O
0.60808859551,1.58011644906,-0.076639798522,-0.251080997161,Q
-0.00705308814515,-0.625473653119,-1.54445478819,-1.04329993869,G
-1.14199569638,-0.111759454969,0.210818465981,0.225520639828,R
-0.0543385542378,-0.0618958312732,-0.245596419077,-0.418362581825,R
-1.51613373137,-0.827146348718,0.525217014193,-0.964324728013,S
0.0282185188417,-0.533015658476,1.3687686955,-1.96569529875,M
0.409688315605,0.0302077730364,-0.335676621091,-0.0891118467619,Z
2.24857009309,-2.07364733791,-0.304040443222,-0.158882830642,W
-1.31541048282,0.570350797747,-1.61611599745,0.163405617059,U
-0.344824735075,-0.185605707882,-1.71766212707,1.0336406185,Q
-0.591214474696,-0.780651296012,-1.59142349755,-0.289017896927,X
0.189582989813,-0.00495487859414,-0.279685116566,0.484115255449,F
-0.697736698544,0.459494599779,-1.91118462059,0.0956155921018,J
-0.784023484735,-0.499895955864,0.823142689045,-1.23837522004,H
-1.69413813039,-0.960303015575,-1.46800052723,1.23445680146,Z
-0.104455125868,0.779539417471,-1.78734496788,0.323105766688,R
-0.7488489162,0.696217138047,-0.106841091067,0.62831937869,P
-0.856631607978,0.621029297432,0.987562187592,0.594284926387,K
-0.490715446241,-1.23716798814,-0.589089100333,-0.0971378919428,H
-0.0717493781136,-2.62343363743,0.0934060603712,-0.134448128228,T
-0.676001330686,0.182584403773,-1.55129810128,0.898143768863,V
-0.314726813867,0.101693235834,-0.83500642105,-1.79114454275,M
-0.50156841954,-0.154418377332,-0.433102427976,1.25122316326,S
-0.972224089101,-1.90443329046,0.741146556745,1.66114292834,C
0.967510803166,-1.06201874755,-0.0766010307326,1.21531145009,W
-0.725229569796,-2.20884117518,0.401642521851,1.02638352531,W
0.206717878851,0.100803589446,-0.250107823359,-0.309363732347,Y
-1.43765962643,-0.295449795744,0.603696221392,0.704132952979,Z
1.32178953706,-0.242894613837,-0.330250553613,-0.00451632078762,N
0.205365401963,-1.52404509335,-0.437072495391,0.298140804259,R
-2.01729157182,0.460467477227,0.810010798104,0.350696378385,G
0.36523740239,-0.833819027518,1.32009967785,1.16386503339,L
0.642376786033,-1.74472623748,0.746652938777,-1.54631047985,E
-0.318791557637,0.469843165809,0.799169327795,-1.6648659714,I
0.0961963417478,-1.06299493142,-0.256701723451,0.572046239365,M
-0.696260109423,-1.15430346251,0.950625896973,-0.864826276276,H
-0.650505514381,-0.598295261365,-1.07006136932,-1.13917992176,Q
0.0474403105834,-0.228971263447,0.332202885679,0.793190670864,Y
0.083685531407,0.384274528659,-1.19170873202,-1.45170721708,M
-2.26464420573,-0.685003616448,-0.321875996611,1.08425919806,H
-0.554739765687,-1.6895352941,0.327139759318,1.39296560895,O
1.72384779033,0.572970279241,-0.0657489397256,0.537535688162,K
0.610782721276,-0.141698690585,0.411904336928,-0.470709282711,V
0.478533434463,-1.55993098729,2.10862888023,-0.41628370601,N
-0.122338387649,1.20490899323,0.155196036048,-0.246963882685,D
0.892349091712,-1.23644920624,0.395657348317,-1.35346179858,Y
-0.323615884395,0.918107623912,0.681602217981,-0.0463134246572,Z
-1.49200477097,0.160903726067,-0.265839646419,0.475883509188,E
0.0397412955832,0.954605796018,1.43353890998,0.0176397024923,D
0.739259875117,0.485067118617,0.601592762279,2.37856381479,P
0.335162062361,0.343566181237,0.915632292302,-0.174358935183,W
-0.136456217915,-1.1011764177,-1.84232139906,1.14219357178,Z
-1.18486249213,-0.806848087101,0.133326443149,-1.6847493242,J
0.364059610862,1.1345253175,0.187741540873,1.49536209598,X
-1.39050771449,1.19329281241,-0.749608216368,0.736604921465,A
0.623870307526,1.25048386549,-0.365979535218,-1.58380725225,W
0.339433044558,-0.751464654707,0.132555059576,1.61728768937,H
0.511925068589,-0.649722792324,0.630966817795,1.84722316411,C
0.238642273637,-1.18827971554,-0.923958675101,-0.412474751294,Q
-2.39301373639,-0.346339290456,-0.712489212819,0.256519509575,Y
0.170327496552,0.0726300759565,0.574452136596,-1.14731712348,J
0.76188317511,-0.35288073585,1.14454528685,-0.447387923896,J
0.39807213813,-0.297115456346,0.0264573065151,-1.00139137246,D
-0.239439604442,-0.492994793378,0.803990812043,2.33763441123,R
0.461307986861,0.0682288946209,-0.19153336418,-1.53547101578,K
-0.26383850725,-1.05580982235,0.0969101254626,0.890592285796,P
0.908541423871,1.12267106379,-0.527376725126,-0.474292128358,T
0.520995295047,-0.627400518485,0.100050571251,1.03552451267,I
-0.486698964511,-0.370691566586,0.288397696763,-0.913003151516,Z
0.505633465317,-1.02371724052,-1.90684550483,0.416898748428,F
1.34006689611,0.512747441312,0.465494978468,-0.596737203787,P
-0.917010838322,0.0713353435878,0.727146749138,0.454191185638,G
-0.50949677916,0.114014487651,-1.24940518421,0.486092158767,B
1.08298724856,0.233915188881,0.170297746678,0.442151462749,H
0.828493057246,-0.425943785932,-0.682983726295,-2.21598898745,H
-1.64554489507,0.664759585706,1.14421233352,-0.696478605584,M
-0.127145788339,-0.274745291685,1.84521799463,0.231085153836,D
0.273722513174,-0.292739802246,1.70592250238,0.669507655345,J
-0.315723770187,-0.126700923895,-1.33563314939,0.556781113777,B
1.27352774253,0.218576952241,0.715365292874,0.0591447364847,P
-0.955278676659,-0.824363092287,-0.574750558191,-0.823999378289,P
-0.23797531543,0.560005719395,2.10617670129,0.339340021739,L
0.613212400526,-1.8005829591,0.67777131419,1.06313620402,N
-1.22579979589,0.0830991849284,-0.0781477118495,0.228599874109,H
-0.543268958486,0.396863496086,-0.101030926262,-0.374613158546,P
-0.974367853307,-1.56207937209,-0.358250719121,1.29451205488,O
-2.07777795287,-0.16259446358,-1.26534815327,-0.732547715722,G
-0.721083592636,-0.18289516808,-0.731433588843,0.482500626312,N
0.231206203524,-2.35072976375,0.605124495077,-1.1875049841,U
0.424066638463,-0.744341290051,0.208525584858,1.02219518274,L
-0.273052970593,-0.232377414674,1.16243969839,-1.01673807935,L
0.106403002432,1.43095201557,1.29457274539,-0.0436625281518,F
-0.89243147487,-0.17204477878,0.622136582064,-2.34699712805,L
-0.375997310949,0.347248058507,-0.946101278427,0.436578176969,G
-0.399775887017,-0.503021180498,-1.31124743937,-1.25632011746,X
-0.234105260705,-0.41418497223,-0.179695082266,0.267385399865,K
0.33986539869,1.03670467781,-0.0293290753917,-0.0796030950844,X
-0.288661814168,-0.720945186477,1.18274026275,-0.367316649725,I
0.0228751534942,0.551117799575,2.12356239853,-0.653918505809,P
0.854137530082,-0.734311130583,0.499105977535,-1.04630325041,H
1.29003341384,0.708019138866,-0.0744974921164,-0.452365656791,A
0.60617436513,-0.102527559203,-1.8769768444,-0.0544674427122,Q
0.339692260209,0.0679554923119,-0.0975034397395,-0.529899841612,U
0.289106825172,0.0934382127585,0.490342984014,-2.47916978072,K
-2.01983226598,0.0323359271659,-1.41006196764,0.986685488003,D
0.586912230813,-0.197225282668,0.117767230506,1.05694434092,J
-0.0377822608163,0.598042546808,-1.39752016173,-0.120326366166,X
0.259048613933,0.526476652797,-0.283920182558,-1.55905794197,R
0.236021694576,-0.872379090861,-1.64995566221,-0.517299762613,T
-0.847845622322,-0.487560209976,1.64216625746,-0.512455970083,P
-1.68175305372,0.380004542286,-0.953940938136,-0.129206739275,V
-0.637200377571,0.17769823533,1.29762595217,0.778170598817,Z
-0.715353350521,-0.81529885372,-0.181280469816,-1.62827790702,W
-0.749634001835,-0.357316095379,0.567268483427,-0.167256697818,R
0.626127747148,-0.878886611305,1.03366659602,-0.65451297444,B
0.18461320264,0.240060684942,1.06600313696,0.276794687257,J
0.355880631539,0.874285320616,-0.443992665058,0.0594346755131,R
0.0353762965024,0.831394266361,-0.671811144667,1.52446436832,W
2.12320559529,-0.71925389789,1.15960161624,0.310750850844,A
0.126167519013,0.0837188440737,1.09987697125,-0.556216848986,X
-0.401214674697,-1.59835716594,0.727820778745,0.0920420285604,E
2.03054216879,-0.120038850637,-1.00917866784,-0.504761347155,X
-0.0874211642472,-0.554714659307,1.3986845539,0.540986904294,E
0.201480667148,-0.936488118076,-2.53093827974,0.362214119207,P
0.641089610483,-0.210368891905,-1.72390544187,0.983519217223,D
-1.47112258526,-0.0860494787236,-0.489407211933,1.49998162047,U
0.245658548623,-1.34383563641,0.0846197461815,0.627961082834,I
0.449415096775,-0.00980667852225,1.25879178973,-0.206585224061,M
-0.349349908235,1.00762941382,-1.04108765539,-0.146987904195,F
-0.118480032563,-0.781459286433,0.613859854269,-1.10217587402,X
-0.965176162697,-0.916308623912,0.941734615514,-0.861322391029,B
-0.20917682629,-1.49843936109,0.079967042166,0.262803736587,D
0.573337703,-0.536170167893,-0.321351755788,0.361779152074,A
3.11886862419,-0.605563862734,-0.0227779422703,0.662242336639,D
0.578703121012,-0.0629572321597,1.28431280131,0.278995492655,B
-1.57236005696,-0.436478049821,2.26858906175,-1.04253188542,K
-0.531015794728,-1.49344998844,-0.400867735161,-0.220979448429,X
0.841667545069,-0.0884641749167,0.00328416702172,0.0584278604581,O
-0.459997023066,-0.138456176966,-0.947347300418,1.04792074098,R
-0.195635738577,-0.0860116755654,-0.94879123456,0.615545180815,Q
0.0853488903313,0.336766272026,0.011759303668,-0.00805565233462,P
-1.03849772791,0.257239843268,1.55734985389,-0.633937812927,D
0.733968135638,-1.01385530184,-0.769416005386,-0.110063561955,Q
0.51635470441,0.270717688012,-0.202580873501,1.58870262252,C
-1.38015758633,-1.19979060488,-0.973241173517,1.89680879315,U
-1.1688334737,-0.560105848732,-0.880707029799,0.425946704249,P
-1.83397340772,-0.106986780762,-1.25651718993,0.205474212798,J
-0.460691885918,0.895886250033,-0.503125618157,-0.938767777044,V
0.0165730003394,0.976462903225,-0.20400423169,-2.03827921932,X
0.124589941237,-0.397484926741,2.2159613343,-0.303222061379,J
-0.820581988408,0.314238197044,1.07905594064,1.76250056841,C
0.345498586359,0.21187599048,-1.06831060801,-1.04130438278,D
0.235879725377,1.01157043584,0.478563172135,0.218134388691,H
0.214589649275,1.07139542138,-0.865659888138,0.02103801881,O
0.339031562739,-1.72119127604,0.185409235441,-0.697153519787,T
0.671421680654,1.24257426205,2.03357679583,-2.19674283378,P
-1.64552536093,-0.456275864749,1.03163554814,-1.05825984669,Y
-2.19554691043,-0.862495648354,1.26128506679,-0.0389997740302,N
0.550486874606,1.47841959057,0.915169477629,-0.324176672972,U
-1.08132615756,-2.34326829532,0.793709529792,-0.449771700789,I
1.13185277123,0.457870722249,0.747545344591,-0.516133435408,W
0.36182374359,0.138918829052,-0.325435875368,-0.678760934872,V
0.956412650756,0.835005934083,-1.27819269927,1.2151711084,J
0.888652690552,-0.0630807047235,0.772076161756,2.15712096611,F
-0.297985857301,-0.0610595314861,0.349370330049,-0.472416975169,Y
-1.60627029102,-1.97144239155,0.305703526029,2.37351121681,Y
-0.618681549301,0.0808337133734,-2.12331917151,-0.38634819671,K
0.911260257845,-0.62913668217,-0.438035477926,-0.281082582049,B
0.102796788992,-0.464622559652,-0.451291390311,1.00496363259,G
-1.21358452733,-0.804415643742,-1.0537392359,-0.234518219327,T
0.0679163344894,0.862798658716,-0.225248683798,-0.175563555369,I
-0.597750660854,1.47834386559,0.834319347503,0.903781889739,C
0.728531712076,1.15745677693,-1.11966063687,-0.182736305288,S
0.144539277289,0.344725291985,0.115294083456,-2.95731961522,L
1.52816811728,0.0400570586353,2.69528355377,2.28601445315,E
-0.442654214878,-0.569503392471,-0.538055907417,0.606049614848,K
-1.09462359176,-0.00465794412519,2.29626485979,-1.20350208923,Y
-0.585005343676,-0.28539044638,0.550978373356,-1.10477810467,E
-0.395096751572,-0.0705554847653,1.83382939529,-0.562704310783,S
-0.105523414785,0.0116393992888,-0.536970606849,-0.28789051176,U
-0.440932692655,-0.437831447259,-0.35485623633,-0.172156338582,U
-1.69056264257,-0.781235180712,0.21640444719,0.319671348652,S
0.596825021104,-0.0835517342633,-0.0833898549918,0.0671214175928,V
-1.10569174602,1.38485043594,0.737798333718,0.0718776428034,S
0.413366862497,-0.371701931676,-0.676049135911,0.0201439402075,L
-0.915227590352,0.488704683488,-0.523857964654,-0.666942625157,S
0.579024377475,0.571815569479,-1.5929844198,-1.14118588119,H
0.613207869712,-0.140789963745,0.322211092514,2.3842729455,T
-0.628537585169,-0.480593168856,-0.259350780935,0.219243084211,E
-0.46257379682,0.287070421592,0.47610604443,0.826995382095,W
-0.0496058322645,1.16098709232,-0.319630604562,0.493018502739,W
-0.536383977861,-0.563593173397,-0.753920735734,-0.206731573657,T
-2.17443460408,-0.398867729305,-0.544513999683,0.473393465728,N
0.143117039574,0.428747767655,-1.32019920349,2.19450158316,W
-1.86356532073,0.773650249915,1.12953296251,0.04581899909,F
-1.40704196666,-0.000739319756711,1.53480377361,-0.803794315065,S
1.83016675409,0.468377631895,-1.06254180063,0.956396772444,M
-0.198820314584,-0.197095652832,-0.635016090259,2.04333752172,G
-2.07345299698,-0.922810068603,0.0885946173094,0.303337639286,E
0.109679739255,-0.731013472476,-1.00350296801,0.565037937161,C
0.549974728395,0.10260556762,-0.111087969221,0.492116172681,A
-0.0797172047886,1.1014482432,-2.05108302315,0.642777997827,R
1.14763402476,2.31945885743,-0.227928098706,-0.275533911779,C
1.47145766127,2.99632654051,0.582679487418,0.178056907884,T
-0.476407280495,0.585713675096,-0.513955481192,0.871845883407,O
1.29153168513,-0.903362550559,1.37379589449,-0.0479218665927,E
0.698066997187,3.23031697239,-0.262963180758,-0.000456634959103,O
-0.430899355192,1.9429950047,-1.07170862248,1.74011154863,G
0.327113661087,-0.622939680528,0.168701701296,0.140068068738,P
0.21181450436,0.434416693985,0.50100208956,0.71486303379,P
0.258647083979,-0.138014995703,1.92785283721,0.440519118303,S
0.336296617679,0.25412921029,-0.352913971068,1.83890346655,C
-0.187773521297,1.99902472541,0.420819514877,0.55804248301,D
0.752115512965,1.1076116872,0.645577040539,-0.115397087717,E
0.653866716945,0.215721688834,0.288713794417,-2.00051198449,G
-0.880295384365,1.30421670139,-0.724698236194,-2.59903369958,V
-0.58772950793,0.400127635511,-0.0798056255872,-0.132544948799,P
-0.155322179261,0.472339157347,0.427698503846,0.896200872193,Z
-0.115747788181,0.0386489968146,-1.29299821442,-0.782634641124,U
-0.524101903527,0.26117496548,-1.34069558806,-0.255727497683,Z
0.144118384005,-1.2219275335,0.247909825947,-0.559864411294,K
0.981839549793,-0.528521309955,-1.62580673623,0.0399973905553,Z
0.700970633097,1.2853865412,-0.252551700815,0.685327330759,E
0.389125081994,-0.195069014858,-1.42185892547,-1.1885483062,A
-0.675459996559,-0.717091793405,1.2248629934,-1.20541754859,P
0.217604127337,0.18339361964,-0.00604326722159,-0.0388977272323,P
0.552643727839,-1.89849802219,0.102121197337,-1.56547315906,R
-0.424512159961,-1.14926128738,1.69984695123,-0.570858538927,S
-0.41235134302,0.203941941075,0.255152108491,-0.816241803148,U
0.988090636936,-1.55193926467,1.52706816644,-0.437762549098,I
0.259445772381,0.598199772732,0.889152536879,-0.835611302133,O
-1.38355315584,0.0699426899777,0.170799984216,1.36739500619,T
-1.65028903268,-0.91115331421,2.04323163571,-0.610607795723,V
0.822906938469,-0.764573718593,-1.09477437349,-1.73145418561,Z
0.158081955106,0.431196536572,-0.579756113841,-1.51130349665,E
-2.61886514546,1.43488476668,-1.92717500618,0.571251534701,I
-1.73956096335,0.997620498834,-0.873275141168,-2.14569678981,T
1.1118415742,-0.098822318107,-0.794084350806,1.71906938217,N
-0.0875050229002,0.0365300152991,0.38372184477,-0.143168062747,P
-0.0739499861328,1.96859720409,-0.287600056893,-0.731804806617,D
1.81910522433,0.792570067181,-0.451377709832,-0.7678761504,C
1.22408725548,-1.34008968846,0.0741932585894,-0.989151566797,T
-0.190478865715,-1.03702827985,1.12957149701,-0.57520649345,G
0.0626659756534,0.0915539026519,-1.08526295474,-1.46910194647,T
0.893425646161,-0.463151248943,1.15579995677,-1.68786295412,V
0.197560239173,-1.6323259553,0.268291607161,-1.17159677456,N
-0.575517452976,-0.293264557157,-0.113541858134,-0.731400205927,Z
-1.80446070385,-0.783330689637,-0.159614946071,0.1869838162,T
0.314138938271,1.60227879588,0.148631981074,-0.210507328855,X
-1.55461033003,0.493092700435,0.124314825216,-0.663242189374,X
-0.0828131436409,0.408271167499,-1.37563064986,-0.880553324466,E
0.577048283793,-0.97718275341,0.0989837576873,-0.893244267238,H
1.08842280322,-0.233275668504,0.396734084885,-0.108239396945,Q
-1.24825724271,0.502546198867,-0.541078451479,-0.545821797031,R
-0.526537424936,-0.388945205228,-0.79819875081,-0.0127928222781,N
1.25318419871,0.215949725418,-0.0201076430734,0.345189803026,A
0.622308973978,1.69024732361,-0.563083364154,-2.85822371936,J
-0.974342161933,1.23339420449,1.25172781208,0.867277356762,O
-1.25668667149,-0.579554669233,-0.24572212488,0.31608864382,U
-0.466147964145,-1.35601802344,0.871398063615,-0.300892100928,K
-0.0780317522012,0.0297451926267,1.09622119836,2.47265450101,H
-0.197281338074,-0.848473465414,0.519331446142,-0.636557500128,J
-0.829098603717,0.300077023249,-0.564739522137,-0.499012547578,E
0.687211863158,-0.043604857713,0.903193094193,0.578421562156,G
-0.604627269354,-1.21883610073,-0.114996176377,-0.0371765848817,V
0.919398004177,0.371337861076,-0.928122163458,-1.66630456585,C
-0.602897142976,0.28697527144,0.170037664198,0.912812816964,O
-0.384166029841,0.891195588261,-1.2440709364,0.295033734891,D
0.911343312966,-1.11661806339,-0.491426278041,-0.696415666831,V
1.02573877084,0.731991900904,-0.653436203649,0.139932709128,K
0.704172863883,-1.24861023511,-0.848732106311,0.053824151405,R
-0.274853094505,-1.77179283893,1.0265627804,-0.165628477961,H
-0.57902584663,-0.738493069747,2.02180737185,0.0883443830071,B
0.375400005868,0.234474792186,0.27764548319,-0.788956609186,Q
0.166935246748,-0.765684490328,-0.348032570198,1.17816386318,G
0.493752651936,-0.474191536204,-1.4985701065,0.935444059821,K
-0.323264001191,0.085145886565,0.0201210363704,0.0165780254127,X
1.59214654246,-0.937663995595,0.433397305934,0.814759433237,A
-0.591088949838,-0.626063877629,-0.676537901491,-1.3555323982,M
0.238755123091,-1.50045440066,0.628592288324,-0.529070991549,D
-0.544941782683,-0.313465461326,-0.621706260923,0.743466986023,T
1.9445538764,0.0750284486365,0.943931653537,2.15733266763,S
-0.659381173623,0.624346667128,-1.61701565334,0.910724418589,Q
0.126311567024,-0.0784817230233,0.303682336773,-0.831579560356,L
0.0341818026095,0.335996310124,-0.622851049816,-1.4192349577,Z
0.131307507708,-0.44399333922,-0.644634898128,-0.806440044664,G
-0.742263369903,0.639113966749,-0.125843311784,0.0667886540189,G
0.741519669213,-0.0826792598033,-1.4648012842,1.3620672802,M
-1.98518045436,0.475557267039,-0.181772527148,-0.0566935319837,V
1.05988794829,-1.39890748061,-0.461620494734,0.17341503515,W
-1.45694922944,0.45584456628,-0.96824289359,0.114976884942,A
0.709931173189,-0.965115310188,-1.04269769355,-0.599081372117,U
-0.720605580372,0.22978040031,0.240216525748,0.758876621101,K
-1.06365797601,-0.260710174523,-0.571511681812,2.07602049204,Z
-0.734544967245,-1.03718403971,-1.2847959425,-0.880262834363,X
-0.431592634734,-1.20944657129,0.268746640806,0.13330087003,A
-0.74925139277,0.308177748412,0.515224209933,-0.886055996822,O
-0.40062537842,-0.395567058882,-1.05630209795,-1.46142060399,B
-1.09042287691,-0.00528535973922,1.33468204815,0.664476889712,Y
-0.365121710245,-0.801495172379,-0.960473519999,-1.45664872311,B
-0.366072526863,0.601874970159,0.91087680807,-0.0236751406714,E
1.20909783155,1.50636512561,-0.16120300552,-0.291641304943,Z
0.784268401708,0.601637701358,-0.40103511319,-0.0164022057272,C
1.08909170323,-0.525993158767,1.61301890301,0.392344107309,Y
-1.9470160352,0.763292105502,0.679300866072,-0.236100609104,A
-2.2999256369,-0.153130600991,2.25118203022,2.45791665028,W
0.0636452612846,-1.08366306708,2.32895387115,1.52101243787,L
0.395246999145,-0.483982358779,0.631957670819,-0.818922013999,L
-0.185722056138,0.880123632623,0.095302669279,0.328809535215,V
1.10604139185,0.527494658446,-1.85813889977,-1.23186618975,V
1.95123474503,-2.27147285659,-0.883514417555,1.79708757163,W
-0.831159316102,0.249475901093,-0.314884037148,-0.0250151432734,H
-1.88985761555,-0.956907900347,-0.185816548441,1.08829637421,M
-0.395157217068,0.190412409008,0.858274219978,0.352881254383,M
0.131696149882,2.24189804935,-1.2163319124,-1.03227135168,Z
-1.10176520651,-1.95432842427,-1.15172831792,-0.781278691332,H
0.34429403633,-0.0627376745326,-0.882896812532,-0.226318455338,C
-0.025477608587,0.0122118847137,0.764670438617,1.20796554789,N
0.0794825798967,-0.746045711457,1.93034394655,0.536690282429,S
-0.485077473431,0.402663600301,-0.0136721694681,-0.465296355148,G
-0.39026829614,-0.962921389238,-1.14545576707,-0.317033528727,J
-0.222340057425,-0.44916874359,-0.848877824559,1.53153540504,S
2.29162982764,0.0791628011573,1.14653470272,0.49443252924,D
1.99188845592,0.573055321378,-1.10804056273,0.222335536104,Z
2.3245698793,1.81061978163,0.861795052009,-2.60060336391,S
1.19400508662,1.50565033128,0.15468058029,2.18587688348,P
0.873134577949,-0.0284822959906,1.02980639124,-0.0622549052401,A
-0.849776346779,-1.8807937075,0.781133522162,0.172605008487,K
-0.238944892413,1.09229262636,-0.144224321263,0.298629740383,S
1.20597542748,0.292491656872,-0.297163925285,-1.59931060424,I
-1.27684036577,0.603900652559,-0.674561243047,1.94872203975,X
0.558333542903,-1.54304819533,1.10658234644,0.0576930344343,J
0.751910958699,-0.692303227832,-0.347475002153,-0.309487983135,F
1.02215414343,0.135601532876,-1.35035066326,-1.07606256759,O
-0.420760074445,1.79258767261,0.24469818606,0.0806482456513,F
-0.587180424683,0.323271677741,-0.437314817702,-1.8543206174,V
-0.592605418168,-1.907341694,0.386518104903,-1.13640798233,T
-0.936661659145,0.181508906908,-3.12498309473,0.765111505314,G
-0.104132437471,-0.260520811979,-0.854964236874,0.615486400378,J
0.381892721066,-1.71037584167,-2.0919348988,-0.416635018006,X
0.561308177644,-0.384476403009,1.19996770655,0.543361305652,F
-0.803482739349,-0.662356659828,-0.816502041425,0.000446855855021,R
0.120629375836,0.144591159324,2.61592194247,-0.553200547531,B
0.897545221406,-0.386088676408,0.21759000813,1.5437017255,L
-1.0671184453,-0.446837991681,-0.743923722254,0.852708121736,N
0.552344612315,1.24825794325,-0.111426018232,1.86402056594,K
0.0805741315669,-0.474894706387,-0.580701829333,0.803982723901,I
1.51150350464,-1.32121844244,-2.02407293084,-1.0268393424,F
-1.30102805068,-0.348030436209,-0.732010985963,-1.26966910244,Y
0.852948764004,0.814482689443,-0.04267572527,0.953306913877,A
0.216619470559,-0.924517428591,-1.38995249384,-0.768902269382,K
0.151879543013,-1.33498769058,-0.522089265933,2.1962978104,J
0.837031615192,-2.38651628885,-0.496238021898,-0.468986878051,J
-2.15263656471,0.63980040653,0.246161774297,0.95731769016,P
-0.936814575506,1.18736040472,-0.722583726417,-0.017342094036,J
0.721247388284,-0.604493535518,0.0461985648552,0.222002357095,V
-1.34474609736,1.52972929228,0.201754457697,1.48212083581,D
0.138576820267,-0.740783193718,0.937161383169,1.94653177182,L
0.239544169595,-0.346862476297,0.891462207073,0.779621001321,S
-0.262426121971,0.249614087424,-0.107837427005,-1.33116329594,O
-1.0297999966,-0.531152388642,1.58031754911,-0.0754520644193,T
-0.119060507067,2.15457087504,-1.0696813374,0.0372981386444,O
1.76236282305,1.43783907025,-0.586098505307,1.11055201136,Y
1.88820477275,-0.637218981841,1.29369272394,0.344358829177,Z
2.38451742347,-0.187510789654,-0.719662283857,-1.01542389537,Z
0.175748232171,2.06854826544,0.823098571934,0.126196602739,M
0.01107625379,0.141811769306,1.99809051687,0.222043866869,V
0.448157928739,0.453995145269,0.955431848946,-1.18215679934,S
-0.763730868838,-0.00106190546579,0.305890972121,-0.154540563494,I
-0.382831076953,0.048939528088,0.0529394291203,1.92746020317,S
0.0179666264545,1.16098597461,0.138971433084,-1.43608601675,H
1.10572684488,-0.379187282948,-1.58541282596,1.91206773905,K
-0.610836934307,0.114541517588,0.0838620150008,0.330691362776,Q
1.33713527126,-0.524505379413,0.25133480871,1.47625250925,T
0.884712647628,-0.487934473102,1.21568894719,-1.14742148202,U
0.826941546016,0.938626128901,-0.0232519786787,1.39575595816,C
-1.17994430711,0.573637874933,0.706739301196,-0.461576779962,R
1.9839235811,0.435071850838,-0.133586956462,-0.947795796649,R
0.881492381421,-0.87943227342,-0.359827170399,2.18919511361,Y
-0.818718685325,-0.152507303341,1.03108707166,-0.679791217496,M
-0.530013699528,0.198543673198,1.18970452676,0.492888523985,W
0.282989144493,0.37980768504,0.63373084286,-0.639641691944,V
-0.24287908458,-0.21454235422,-0.0295687659862,0.36331706957,I
-0.166731414062,0.683908326081,-0.101377898713,-1.23277845634,L
2.28549287646,-0.194848794742,-0.930447777625,0.987092530399,N
-0.0422216892161,1.44232907185,0.073354480232,-0.729165690342,D
0.720176677151,-1.14376481144,-0.105043355608,0.678192965803,P
-0.381406488308,0.184150016737,-2.25565672439,-2.15926667329,R
-1.25693571998,0.351981420038,-1.21557124998,1.29281024606,U
1.07374274332,-0.367310404495,-0.677007776516,-0.739635335595,H
-0.768191036467,0.732645222775,0.984970709858,0.12090514023,S
0.236101515726,-0.347884888756,1.56504115075,-1.11884932335,E
-2.21053109097,0.229173759572,-0.299863030625,-0.0885670329958,V
-2.19667867911,1.383679468,-1.04597481361,1.20909613642,Q
0.873809520583,1.34943663449,0.771649944463,0.243980829697,C
-0.618233186438,-0.137373540523,0.677767824821,0.813321254187,E
-2.42692013353,0.344517884909,0.984171636147,-1.25927037653,Z
0.863850683792,1.25776944839,-0.713634446179,0.269896139188,U
-0.152970033099,-0.969764050303,-0.411415659979,2.53004230741,N
1.54993248043,0.378923352042,0.841156641613,-0.609248804701,J
-0.298715494081,-0.832600511505,0.90855129253,0.126379212976,N
-0.68351341032,0.175785587306,0.798481866734,2.0999140537,F
0.717914475933,1.7132580498,0.675901205063,-0.386811979994,C
-0.122964995743,1.60580926508,1.05138280487,0.0278359232722,G
-1.2191544323,0.512149863885,-0.995115744221,0.848631567525,E
1.85125024672,-0.0450097848447,1.07633878722,2.07993136935,P
0.157004596379,1.46082710378,0.956144417865,-1.41408982617,F
-0.79431152959,1.09648841672,0.333494735314,0.236050052779,Y
2.14465552967,-0.706839418869,1.89625307171,-2.85602912489,P
-1.27354893684,-0.382059998599,0.684461752921,-0.610828534168,F
0.22352436665,0.586394249256,-1.18270560824,0.21343594717,B
-2.94349544883,0.768753722074,1.55126445279,1.15877619351,Z
1.4743390777,1.81404928333,-1.89083795877,0.988684919999,G
-1.07914098366,0.179018664905,0.4078320761,-0.504801211662,Y
-0.182373284517,-0.441480824797,-1.02321239362,-0.225842010494,T
-0.429067025663,-1.91900521883,-0.603580359853,1.84671244705,L
-0.0302168248093,-1.49453798144,-0.660108825241,-0.728571346875,V
-0.631294910883,-2.89341322479,-1.17076046535,2.20187296692,H
-0.670705340536,-0.772570310558,-0.291351538225,0.887990064151,M
1.5375024846,0.969273763196,1.87101874312,-0.517495214857,Z
-1.84954458304,-0.45265166938,0.662470834659,0.862644864242,G
-0.308575114623,-1.14383906105,-1.36933276831,0.413641706177,I
1.07283944097,0.481004701873,-0.806453457877,0.308502684953,G
1.06495836442,-0.957641962553,1.30192800503,0.794770897625,X
0.965755728941,0.0877560095528,0.747930967417,0.395384807638,T
0.898418084576,1.43591666348,-1.19200325795,-0.72888068447,C
-0.613902964867,0.285439057063,0.904219339221,0.885090008279,B
1.37107652558,1.14831732757,0.523761101366,0.0549489149715,H
-0.85407086714,-0.374712345882,0.617144249938,-2.19251818159,X
0.694054313799,0.518846857264,1.48690241157,-0.64041952135,K
1.51356666917,-1.13544818999,1.57766429729,-0.556503356781,W
-1.21582225581,0.352122775237,0.0215324188165,0.14213492497,K
1.11461377962,0.873025722381,-0.720186239539,1.92790733192,Z
-0.904617663983,0.752954862188,-1.31927139077,0.473645830069,G
-0.633726397986,0.285167764166,1.37143687875,-0.38412795508,D
0.0548246484659,1.22352203076,0.97672708084,1.06724852907,W
-1.86337060138,1.09077245874,0.464063283759,-1.32465517362,E
-0.430381036385,-0.726485753937,-0.715863026069,-2.02039044102,I
-0.0723311467935,0.502456356739,-0.455643449105,-1.18213040986,G
0.649044001996,-0.725752321782,-0.666167162675,0.221366935771,E
-0.126452713551,-0.688821012057,-0.29563127162,0.543085536919,X
-0.369474590679,-0.73952482015,1.36859742545,-0.722481755299,V
0.923676180369,1.27024726658,0.91482976197,0.597460491034,R
1.04559881188,-0.779189732086,-0.375038385431,-0.35574140068,E
0.8111614189,0.746780239275,-1.27279956183,-0.25535935321,B
-0.126758693586,-0.745448445055,-0.438765325705,1.38501843541,V
-0.333432614217,-0.763242865968,-1.74020269908,-0.144457735597,V
-2.73498495485,0.33509314948,-0.407150181872,0.314233200624,V
0.0130840269198,-0.790077528141,-0.0763961415122,0.92636028847,X
0.0880811128442,-0.644995701347,-0.703840231262,1.29618328578,N
-0.809215478258,-0.0518616525617,0.0513471895519,0.503096343873,Z
-0.615331201746,0.398382775408,0.30783458814,0.476349746259,S
-0.0859682527877,0.0200390214103,-1.44911312065,-0.926346084578,D
1.34346199977,-0.274139849325,0.368414299991,0.393735202672,F
2.11496968299,1.23342898869,-0.236943439481,-0.851801952483,R
-1.91646825116,-0.884778389409,-0.0808728238913,0.60937855733,W
-1.63707694684,-1.32818391431,0.73185812815,0.460331736044,B
1.48630553865,0.632447827441,-0.938163196095,0.703982443358,L
-0.238168020553,0.942787986896,-1.94744167329,-0.692954094083,N
-0.668376581857,-0.636256040768,-0.142363539376,-1.48251960359,G
0.821505119207,-0.0310163310029,-0.407415842561,-1.71692968318,Y
1.14376888826,-0.473656694546,-0.86983198409,-0.109141226926,X
0.555112230768,-1.78482173791,-1.76828168874,1.69596267267,N
0.650507011852,0.973102116487,-1.05424735893,-1.08688333941,Z
0.0803592671291,-0.212728428259,0.827080798002,-0.797818086296,R
-1.61040000295,0.44259255916,-1.47939888287,1.29103757433,M
1.44442281278,1.28905765194,-0.898692234112,-0.202716531739,V
0.571691943381,0.0549335391102,0.347622127899,-2.10921235502,G
0.125098038947,1.06559157056,0.573351318467,0.667487165061,A
1.83108754429,1.52657418352,-0.333923231713,-0.618685880666,T
-0.296747158804,-0.518805765047,-0.29931844424,1.51221424774,R
-1.99852603784,-1.31172780173,0.575116119658,0.588964130363,G
1.18580356771,-0.987806707039,-0.666261392805,-1.54003255639,C
0.674949570299,-0.961961491198,0.543955845872,-0.0854615682323,D
0.529141266831,0.343291954206,0.216573419959,-2.13739625733,B
1.19212260635,-0.0195530909686,0.847210969793,0.54414933223,H
-0.363054116827,0.965875138607,0.556238319315,0.407787148434,O
0.332521592225,0.725127469936,0.681864249939,0.91834850123,D
-2.08548038096,0.561529762002,0.546865670858,0.20211990405,H
0.0453177790685,1.12741555874,3.04198519328,-0.948095791035,Y
0.387120875918,-0.304032482667,-1.42502343674,0.200474067258,C
1.06258568502,-1.18119473295,0.04086171365,0.69350151895,U
-1.59141231977,2.82221012814,1.23314255452,-0.603120579445,R
-0.635865523413,-1.47665152034,-0.442517616851,-1.67711437523,B
0.209526302103,-0.271009737556,-0.183762376342,2.18988441579,D
-1.66622070933,-0.488815786195,-2.4992553902,1.78090912117,J
-0.185515056939,-1.58996773986,-1.37440351043,0.108965627304,F
-1.42743854981,0.90193614526,0.0119094452983,0.234117308475,Q
2.00046915951,0.995379268807,-1.32713765114,-0.194305988405,Y
0.19394916059,1.10244999821,0.948891986989,-1.75681304483,C
1.99038244557,-0.0539316269122,0.672792495581,-2.31532565728,J
-1.08372592096,-0.438660033834,1.05536891099,-0.00705324449428,F
-1.77082599769,-0.674258215437,0.579892892152,1.19029137987,W
-0.276234353703,-0.0989407442926,0.337874243381,0.262335648559,G
-0.676581709806,1.44438308984,0.620743321696,0.208102707606,R
0.183338746943,1.48611843952,-1.01379400846,-0.112577697014,J
-0.712738543446,-1.50286414732,2.40854967596,-0.552013252414,T
1.42921787525,-2.00456052185,-1.30929357176,1.03083236769,F
0.0463037446807,-1.43536494787,0.118860781832,1.51701484216,M
0.836492292501,0.383588970744,-0.889126868083,-0.694342570659,Z
0.424976991709,-0.988380703198,0.192412229832,-0.522914218055,L
0.642397293996,0.0647295571682,0.339843583981,0.380078290035,W
-0.308448377366,0.228773522384,-0.29749872725,0.17538567162,P
0.0641495449974,-0.322942149261,0.656432340421,-0.0560318846898,X
0.631423091743,0.485847770631,-0.884622879306,0.11211253535,J
-0.432156906828,1.27782992073,0.294257371602,-0.704676113487,K
1.91309693566,-0.18092201362,-0.422178280554,0.23134794539,H
0.411088507014,-0.430739435441,-0.800819072534,2.08624340228,T
1.26569889567,-1.42750102007,1.03770181824,0.235902092775,K
0.616942455868,-2.38542788848,1.18282097846,-0.0321233006286,L
-0.013456488806,1.42068226546,-0.349260615553,0.82485549554,P
0.798814414686,0.88632631206,-0.331611512745,-0.784829711718,V
0.30180948859,-0.692415648179,-1.69084005539,-1.02805482921,J
-1.08764298444,-1.02883636609,0.644206494968,0.606781737964,O
0.548100659275,-0.321297471547,0.323649033813,0.132015233078,K
0.149983688565,-0.210976918715,-0.537356340142,0.319363415882,Q
-0.419830251294,2.39385367151,-2.39534055252,0.670355887975,K
-0.368895246438,-0.450707863763,-0.530244977004,-0.0932174554938,G
0.368338222519,-0.241331488069,0.913513853713,1.07006789746,J
1.21568792199,-0.110195125583,-0.31369367615,-0.515881464216,B
0.956989182623,-0.318011936458,2.33215373895,0.165952831871,X
-0.165881332616,0.58061466409,0.106982569026,1.66943296159,H
0.298456981493,1.11678314007,0.730601640507,1.02653185795,U
0.922823260946,0.546570576808,-1.90663879149,-0.00693315376774,A
-0.678198764059,-0.177540910752,-1.13665216122,-0.405639539219,W
0.85304491744,0.0265585146338,-0.508544810356,-0.0413378962381,D
0.29811881676,-0.63582212583,-2.26657166957,-0.420159257804,O
1.71037860276,0.0067663471632,0.114827330695,0.586452095682,S
-0.286313474731,0.0415415751042,1.38995192382,0.640743392235,O
1.77792210744,-2.23334745828,1.24642546317,0.431020876402,T
-1.54061217342,0.433792071612,0.281894929398,0.431686109842,B
-1.99601802006,-1.35070733606,-0.625691767895,0.0916544918872,S
-0.43629828987,-2.59934711645,-0.846495677759,-1.03241980741,L
-0.472608939251,0.257639603282,-0.795330512796,-1.97245881106,U
0.0157776295749,-0.69773400692,0.0360680939619,0.252172627742,Q
-0.464503282942,-1.3556283207,0.306406880795,1.08369007655,A
1.52051338105,-1.41303995239,-0.246745310359,-1.58344372431,I
0.34850410704,-0.496141817086,1.93634713,-0.0144803283954,U
-0.479341328954,-0.195439537219,-1.30730331161,0.686671769921,Y
0.0932739155888,-1.47335787587,-0.908210778892,0.445416621835,R
1.60489265212,1.53989207171,-0.129062129528,-0.94052089079,F
0.138134906235,-0.0624556390889,-2.01299938327,0.271850465373,O
-0.762459423368,0.303796025277,1.17576377813,0.575423483849,Z
0.297640549482,0.893511018224,-1.94222082043,-0.452535969614,Z
-0.501288848316,-1.25866665912,-0.423949392339,-0.292852120577,R
-0.610797224057,0.616964139639,0.705084301015,0.346176763203,M
-0.825223172955,-0.881362445461,-1.33975258242,-0.284051028296,J
0.373997955821,-0.3416761409,-0.905388269555,1.93160372781,K
2.47960323432,1.51400935019,0.399992494234,-1.0071222231,C
-0.0407604994739,-0.391628257285,-0.640749300714,-0.66179486805,R
0.0809291540935,-1.1289741509,-0.340871947525,1.5478276099,F
-3.24711842495,-1.2864322858,-0.270292299853,-1.72227476516,U
-0.0590987232297,-0.585736368832,0.339017797587,-0.0997679018672,B
2.59901961523,0.571666497302,-1.29497680293,-0.346746647779,I
0.0534787178704,0.654669282568,-0.166266990975,0.466931296731,E
-1.05341781133,0.913651054018,-0.242582555097,1.00583005322,S
0.875799148742,-0.26168280666,0.434591495455,0.00658922200553,C
-0.765921912779,-1.55314685282,-0.674447196985,-1.34102992329,Z
-0.164465521193,0.797927365408,-0.291722179636,0.884286691578,N
0.707460485156,0.186400290219,-1.99390271707,0.177727305552,B
0.316853105232,-0.429504690632,-1.36761754288,-1.07546940018,T
1.05261834846,-0.998496498496,1.4631679404,0.72678836749,P
-1.39858750778,-0.325665270287,-0.170762179192,0.510009225088,B
-0.0963708693775,-1.54285377021,-2.00401832857,0.200754873556,Z
-0.375479068272,-1.4045680076,-0.634093916008,-0.528680708356,G
1.43591786455,-0.516376529925,0.397555671377,0.456446188075,V
-1.09849695877,0.736060130917,-0.717767698318,-0.291853598134,D
0.518086396511,1.17521626269,-0.796090561831,-0.285340576085,P
2.32150129816,-0.429706481255,0.584740902554,1.37366096665,G
-1.26475358674,0.885569246538,-0.205210163416,0.570974246919,W
1.0155609396,-0.319620793918,0.50959017754,2.15193778313,A
0.144599677811,0.199895626376,-0.93689606269,-1.69723364941,K
0.0875571140252,0.811907774487,-0.100013960275,0.142005666385,A
0.000230078021669,0.366513280878,0.580618412963,0.443664838086,O
0.549505538767,-0.517866615449,0.878386277012,-0.142847832732,E
0.444272055238,0.089308665679,-0.428529701208,0.287713842047,E
2.27210215259,1.41867700219,-1.1174530612,-1.62965110413,M
1.8330160406,-0.0453364372963,-0.314307854457,-1.61790697226,L
1.1503461805,-0.0367784730506,-0.318815078463,-0.632281643188,U
0.774806222798,1.42607495264,0.809103903387,0.143155083262,B
1.4778252828,-0.351370329836,0.523777442331,1.89028806644,E
0.664675541915,0.0324638139319,-1.36252190112,-1.76434174279,Z
-0.278962981627,-0.792963353117,0.928882558554,-0.369441797931,O
2.62662472997,0.459389354833,1.51922959413,-2.09161993811,B
0.313216930453,1.7531040807,-1.12134464172,-0.0453966074873,J
-0.164715896094,-0.75720050369,-0.0195269289784,1.66280780661,I
-0.800402562299,-0.657599485997,-0.377368602731,0.751285305816,C
-0.0406021416073,0.630402945324,-0.990263618395,2.31637950581,U
-1.52547691909,-1.97042920749,1.09801650586,-0.717834621702,U
-0.667449207085,-0.228989744452,0.0950919412196,1.12906081328,D
0.586677076089,-0.234026867603,-0.638898660321,-0.33240449364,T
-2.15382690979,0.474119382751,-0.249275079175,0.0916471133247,X
-0.820226508668,-1.34068753033,0.833792190987,-0.797557741738,K
-0.498345754911,-0.340101165021,0.0352431450782,-0.847404132769,Z
0.0370527077755,1.35422655434,1.67770025425,0.588921301437,S
-1.73380365424,-0.913460592364,-1.11726163456,0.569844240081,D
0.834434737725,-0.18425511291,0.690144604183,-1.41461729726,P
-0.358930266183,0.550401714215,0.873321252092,0.368829130108,I
1.2809210841,0.614028971929,0.372535948827,0.592802574924,T
0.11543129258,2.28744137324,1.07469109855,0.905777194951,Y
-1.24487734807,-0.962718637528,0.488333195227,-1.32268170353,L
-0.556240504643,0.868985654692,1.58522328171,0.573729940164,U
-0.04946367984,0.936905585902,3.70640481371,0.576240888892,T
0.706453814961,-0.343428435016,1.31188652517,0.796282658101,G
1.45901843019,-1.23526512509,-1.10732445987,-1.08103924198,L
-1.11298521449,0.362628349463,-0.730740232146,-1.25259123946,B
-2.02910320127,-1.11960597233,0.798632656,-1.30191133488,D
-0.472767522542,1.28595021257,0.944537926843,-0.714493153417,S
0.296289526601,-0.358370512319,0.761591715779,0.10612830058,K
-0.397472658282,-0.961342701499,2.18691179948,1.34996591948,Z
-0.769490100326,-1.04136223325,-1.85363428544,0.134891031591,G
-0.301303501508,-0.178943488818,-0.179435965418,0.0746214872105,P
1.60086021413,-1.61285594359,-1.3886553807,-1.27745080289,K
-0.282896956201,1.25343367534,2.01439224252,-0.721327865307,U
-1.7088991416,0.691867392003,-1.43088665615,0.662886273647,B
1.05233819289,2.39138378088,-0.75955177898,0.113590711576,Z
0.524504281482,1.44310028056,-0.0757297766477,0.988288109484,G
1.0516871193,-0.798362259797,-1.17466081226,1.14436687288,C
1.08916316695,-0.728377362649,0.915796904038,-1.08372026747,C
-0.509280616877,1.45630459262,0.867986509954,-2.15554341886,W
0.190373223406,-0.153706521851,-0.404348939845,-0.792278632052,B
1.24351273787,-0.33170238515,-1.7185073113,-0.0592650630648,B
1.05514011016,-0.608374959748,-0.818172752265,-0.0490368830329,E
0.61408613852,0.399162897038,0.188978991047,-0.0889099030003,S
-0.508080014082,0.571691258451,-0.0824192523279,0.795533240025,V
-0.264158386914,-0.153755843382,0.512278531144,1.61940739807,E
0.19650918697,-0.764344969196,1.59253010851,-0.257538475996,R
-0.8697170127,-1.16567212404,0.808468268692,0.491056314052,L
-0.504739217523,-0.911493739445,-1.7229143497,0.143398207673,L
-0.0206124315304,-1.84092007203,0.156385211268,2.54348986392,V
0.840761320234,0.0487061592927,-0.0101454797025,1.28972448527,C
-0.372494903496,0.359282914505,-0.344845242588,-1.34849324325,C
-0.844710538433,-0.4137226969,-0.625994573343,-1.23811727816,M
-0.313687964831,-0.206457611693,0.0688730778638,-0.907083388571,Z
0.709609175452,-1.81576720982,0.594261894687,-0.515835026532,Z
1.12183292844,0.0533382149123,0.298534251637,-0.861926723434,V
-0.16494871529,-0.634893809987,0.0385112534587,-0.514852841085,W
-0.540915043537,0.630107670734,-1.03286501959,-0.134054180521,Q
0.762235999867,-1.88095978204,-0.798635608045,1.41688466648,L
0.662399184904,2.12102266149,-2.04461774504,-0.0733042982543,R
0.84401506156,-0.687486109848,-1.11831596458,2.31097945616,F
0.524952439293,-0.838819136526,0.652504515095,0.212199702548,M
1.12060862702,-1.35987039064,0.661490598552,2.56254753468,Z
-0.611041537316,0.743730655542,-2.36925917336,-2.14161394274,A
1.0972362704,-1.61992686832,-0.308066115387,0.547707219951,U
0.793681595621,-2.8551023208,-0.984420028424,0.604335418425,O
-0.684419622219,-0.0282124260334,-0.38008220141,-1.01954646653,Q
2.09296471792,0.544736906982,0.311795118799,0.261518426551,A
-0.467169746937,0.378519669459,-1.79372259277,-1.75809290474,G
0.673544429311,-0.983742201807,1.33394925602,0.318972910057,E
1.35948197152,1.16776876055,0.420175036336,0.3925631186,N
-1.96284937781,0.259245921096,-0.141258976806,0.193847184924,B
0.333723197276,0.753303963057,0.96674355489,-0.363354686411,Y
0.62428268742,0.142388123182,-0.763280911088,-0.562430914312,A
-0.0331788982573,-2.02766848456,-0.416687813403,-0.750598870027,I
0.249206105863,-0.106158854318,-0.885431055544,-1.16581272755,B
1.27429245701,-1.92943184857,0.889636224701,-0.173993181708,X
0.606585758348,-0.687350790099,0.400837683882,-0.929792401199,W
0.645934997166,-1.60185043806,1.02092564792,0.875332456917,N
1.78287985099,-0.600614232006,-1.29040276315,0.366587814476,E
-1.1871988118,0.76396548295,-0.607736635984,0.664587711849,H
-0.151832475899,0.756853956429,0.0805565261198,-0.710789185643,E
-0.0853707507882,-1.20258981482,-0.0104502595393,1.7233551848,W
0.746316748946,0.704904047194,2.28055947283,0.491570812422,B
0.147182013992,2.02982116408,2.37565187246,-0.227261847508,V
1.23739660043,-0.72779081454,-0.706986585002,-1.85450410859,V
0.308045839786,1.66768641101,0.059270394247,0.728710703143,B
-0.412686502468,1.65373410407,-0.103702540905,1.42052928719,E
-0.212501292118,0.522459020348,1.87813648825,-0.0436878144778,F
0.436341460258,0.140155832612,0.785353556275,0.21504159136,B
-0.502550495949,0.639501677529,-0.0660422698532,-0.800766458067,F
0.347297297029,-0.247636961227,0.319336315201,0.165361787775,H
-0.405175881342,1.05869891904,0.996707400143,0.815501979496,K
0.78066411272,-0.487366182772,0.908595219031,-0.423499060507,U
-1.21967554835,-0.0961693835683,0.50417594051,0.816226705821,R
-0.183526953328,0.306008034061,0.0919010200611,1.28223489712,O
-0.266330847861,-0.118974517576,-0.0112726596775,-2.17589067986,J
0.344573359247,-1.34229475387,-0.905803894369,-0.894993064338,A
0.110140741653,1.9734299559,1.09256508805,-0.258450022212,G
-0.858500802371,-0.55430734514,-2.30822659605,0.174825656166,F
1.90801147421,-1.26663185295,-0.438504379983,0.228189737876,N
0.401011840701,-0.516140804268,0.171844546791,-2.53104012274,U
-0.522891315876,2.19073851616,-1.33374055423,0.528736476213,O
0.913805665412,-1.21304486022,-0.139442493947,0.431340635183,F
1.42126422278,-1.62379139879,0.693678589763,0.618718142821,C
-0.050420765005,-0.195712086099,-0.667864936911,-0.833504252893,W
-0.501601542393,-1.19027152097,-0.230396734728,2.64552902102,I
-0.951521232329,0.434393981176,-0.477787025974,0.631059128217,G
-0.180867509496,-0.791155824959,0.32433433453,-0.375723400159,T
-1.11600020664,-2.2455875658,-1.32167172329,0.262317446299,J
0.107708132371,-0.0847836579424,1.52113926691,1.391757691,K
-0.87051579971,0.422702353922,-0.228228887156,0.0433882587894,H
-1.35286809714,-0.584905634998,-0.338407532052,-0.373849073998,K
0.858453340174,0.0912590503559,2.3761359892,-1.57178416148,K
-0.32424031143,-0.338368002092,1.69193763458,0.753413538253,L
2.41317906136,1.93309411472,-0.219744536455,1.46002281169,S
-0.223875492784,-2.41478252287,-0.570540544794,1.37293283456,Q
0.0781848592732,0.299221179848,0.268034810165,-1.05564852452,M
0.521628708193,-0.155344476833,-1.97290075908,-0.549497868496,C
1.19500982051,-0.263119062538,0.402681828419,0.601248645727,I
0.456754346341,0.321144040933,-2.38390525907,0.653193261826,S
0.0290776054723,-2.17707007114,1.53355693958,0.417965553045,L
-0.646819585004,-1.81818850677,1.03962750513,-0.45881297697,I
1.02050614595,0.870689916472,0.403500579414,-0.785480415961,T
1.84549940537,0.909730186866,0.894382663175,-0.277779743245,M
-0.985750715374,-0.879575185147,-0.448570650772,0.489493844471,T
0.279024137995,0.175993495346,0.706876444293,-0.184753632269,I
-0.0914996101331,-0.241603514354,-0.893169425695,1.15848694043,Z
-0.0697910036425,1.97734133305,2.68130046474,0.978244264664,F
-0.989107589035,-0.552860735188,1.10047100559,-0.339847035453,S
-0.251175966136,0.970868734035,-0.479795801776,-0.761332409633,E
-0.180760749754,-0.0863096529348,1.77610048858,-0.745833815884,M
0.00771777368134,-0.145957572353,-2.74368640463,0.946491090628,G
